{ "columns":8,
 "image":"..\/img\/tilesets\/Tile_Flags_32x32.png",
 "imageheight":96,
 "imagewidth":256,
 "margin":0,
 "name":"Tile_Flags_32x32",
 "spacing":0,
 "tilecount":24,
 "tiledversion":"1.2.4",
 "tileheight":32,
 "tileproperties":
    {
     "1":
        {
         "ladder":true
        },
     "2":
        {
         "bush":true
        },
     "3":
        {
         "counter":true
        },
     "4":
        {
         "damage":true
        }
    },
 "tilepropertytypes":
    {
     "1":
        {
         "ladder":"bool"
        },
     "2":
        {
         "bush":"bool"
        },
     "3":
        {
         "counter":"bool"
        },
     "4":
        {
         "damage":"bool"
        }
    },
 "tilewidth":32,
 "type":"tileset",
 "version":1.1
}