[
null,
{"id":1,"expanded":true,"name":"DEBUG_ROOM_HUD","order":1,"parentId":0,"scrollX":893.4545454545455,"scrollY":502.90909090909093},
{"id":2,"expanded":false,"name":" THE TOWER","order":2,"parentId":1,"scrollX":884.7272727272727,"scrollY":793.0909090909091},
{"id":3,"expanded":false,"name":" THE FOREST","order":3,"parentId":1,"scrollX":893.4545454545455,"scrollY":502.90909090909093},
{"id":4,"expanded":false,"name":" BRIDGES II","order":4,"parentId":1,"scrollX":884.7272727272727,"scrollY":937.0909090909091},
{"id":5,"expanded":false,"name":" FLAGS","order":5,"parentId":1,"scrollX":893.4545454545455,"scrollY":502.90909090909093}
]