[
null,
{"id":1,"battlerName":"Mag_2","characterIndex":0,"characterName":"Mag_2","classId":1,"equips":[5,0,2,3,4],"faceIndex":1,"faceName":"Mag","traits":[],"initialLevel":1,"maxLevel":99,"name":"Homura","nickname":"Akemi","note":"","profile":""},
{"id":2,"battlerName":"Mag_3","characterIndex":0,"characterName":"Mag_3","classId":3,"equips":[1,1,2,3,0],"faceIndex":2,"faceName":"Mag","traits":[],"initialLevel":1,"maxLevel":99,"name":"Sayaka","nickname":"Miki","note":"","profile":""},
{"id":3,"battlerName":"Mag_4","characterIndex":0,"characterName":"Mag_4","classId":2,"equips":[5,0,2,3,4],"faceIndex":3,"faceName":"Mag","traits":[],"initialLevel":1,"maxLevel":99,"name":"Mami","nickname":"Tomoe","note":"","profile":""},
{"id":4,"battlerName":"Mag_5","characterIndex":0,"characterName":"Mag_5","classId":4,"equips":[6,1,2,3,0],"faceIndex":4,"faceName":"Mag","traits":[],"initialLevel":1,"maxLevel":99,"name":"Kyoko","nickname":"Sakura","note":"","profile":""},
{"id":5,"battlerName":"Mag_1","characterIndex":0,"characterName":"Mag_1","classId":1,"equips":[4,1,2,3,0],"faceIndex":0,"faceName":"Mag","traits":[],"initialLevel":1,"maxLevel":99,"name":"Madoka","nickname":"Kaname","note":"","profile":""}
]