[
null,
{"id":1,"actions":[{"conditionParam1":0,"conditionParam2":0,"conditionType":0,"rating":5,"skillId":11},{"conditionParam1":0,"conditionParam2":0,"conditionType":0,"rating":5,"skillId":12}],"battlerHue":0,"battlerName":"Bat","dropItems":[{"dataId":1,"denominator":1,"kind":0},{"dataId":1,"denominator":1,"kind":0},{"dataId":1,"denominator":1,"kind":0}],"exp":20,"traits":[{"code":22,"dataId":0,"value":0.95},{"code":22,"dataId":1,"value":0.05},{"code":31,"dataId":1,"value":0}],"gold":10,"name":"Bat","note":"Float Effect\nArrow Offset: 20:0","params":[100,200,30,30,30,30,1,30]},
{"id":2,"actions":[{"conditionParam1":0,"conditionParam2":0,"conditionType":0,"rating":5,"skillId":1},{"conditionParam1":0,"conditionParam2":0,"conditionType":0,"rating":5,"skillId":16}],"battlerHue":0,"battlerName":"Slime","dropItems":[{"dataId":1,"denominator":1,"kind":0},{"dataId":1,"denominator":1,"kind":0},{"dataId":1,"denominator":1,"kind":0}],"exp":18,"traits":[{"code":22,"dataId":0,"value":0.95},{"code":22,"dataId":1,"value":0.05},{"code":31,"dataId":1,"value":0}],"gold":13,"name":"Slime","note":"Breath Effect\nSwing Effect\nBattler Poses\nCollapse Effect: 4\n","params":[160,200,30,30,30,30,1,30]},
{"id":3,"actions":[{"conditionParam1":0,"conditionParam2":0,"conditionType":0,"rating":5,"skillId":9},{"conditionParam1":0,"conditionParam2":0,"conditionType":0,"rating":5,"skillId":1}],"battlerHue":0,"battlerName":"Lamia","dropItems":[{"dataId":1,"denominator":1,"kind":0},{"dataId":1,"denominator":1,"kind":0},{"dataId":1,"denominator":1,"kind":0}],"exp":40,"traits":[{"code":22,"dataId":0,"value":0.95},{"code":22,"dataId":1,"value":0.05},{"code":31,"dataId":1,"value":0},{"code":61,"dataId":0,"value":1}],"gold":18,"name":"Lamia","note":"Breath Effect\n","params":[250,3000,30,30,30,30,30,30]},
{"id":4,"actions":[{"conditionParam1":0,"conditionParam2":0,"conditionType":0,"rating":5,"skillId":1}],"battlerHue":0,"battlerName":"Werewolf","dropItems":[{"kind":1,"dataId":1,"denominator":1},{"kind":1,"dataId":2,"denominator":1},{"dataId":1,"denominator":1,"kind":0}],"exp":150,"traits":[{"code":22,"dataId":0,"value":0.95},{"code":22,"dataId":1,"value":0.05},{"code":31,"dataId":1,"value":0}],"gold":10,"name":"Werewolf","note":"Boss HP\nHide HP\nBreath Effect\nAura Effect: 0:battler:150:2:false\nParticle Effect: 20:particles:2:3:3","params":[450,2000,30,30,30,30,30,30]},
{"id":5,"actions":[{"conditionParam1":0,"conditionParam2":0,"conditionType":0,"rating":5,"skillId":11},{"conditionParam1":0,"conditionParam2":0,"conditionType":0,"rating":5,"skillId":12}],"battlerHue":0,"battlerName":"Succubus","dropItems":[{"kind":1,"dataId":1,"denominator":1},{"kind":1,"dataId":2,"denominator":1},{"dataId":1,"denominator":1,"kind":0}],"exp":130,"traits":[{"code":22,"dataId":0,"value":0.95},{"code":22,"dataId":1,"value":0.05},{"code":31,"dataId":1,"value":0}],"gold":50,"name":"Succubus","note":"Boss HP\nHide HP\nBreath Effect\nFloat Effect\nSwing Effect\nAura Effect: 0:Magic:150:1:true\nParticle Effect: 20:Particles2:0:0:3\nTheatrhythm Action Animation: 4","params":[400,9999,30,30,30,30,30,30]},
{"id":6,"actions":[{"conditionParam1":0,"conditionParam2":0,"conditionType":0,"rating":5,"skillId":1},{"conditionParam1":0,"conditionParam2":0,"conditionType":0,"rating":5,"skillId":15}],"battlerHue":0,"battlerName":"Dragon","dropItems":[{"dataId":1,"denominator":1,"kind":0},{"dataId":1,"denominator":1,"kind":0},{"dataId":1,"denominator":1,"kind":0}],"exp":200,"traits":[{"code":22,"dataId":0,"value":0.95},{"code":22,"dataId":1,"value":0.05},{"code":31,"dataId":1,"value":0},{"code":61,"dataId":0,"value":1}],"gold":80,"name":"Dragon","note":"Breath Effect\nFloat Effect\nBoss HP\nHide HP\nAura Effect: 0:battler:150:1:true\nParticle Effect: 20:particles:1:0:6","params":[500,0,30,30,30,30,30,30]},
{"id":7,"actions":[{"conditionParam1":0,"conditionParam2":0,"conditionType":0,"rating":5,"skillId":1}],"battlerHue":305,"battlerName":"Succubus","dropItems":[{"kind":1,"dataId":1,"denominator":1},{"kind":1,"dataId":2,"denominator":1},{"dataId":1,"denominator":1,"kind":0}],"exp":0,"traits":[{"code":22,"dataId":0,"value":0.95},{"code":22,"dataId":1,"value":0.05},{"code":31,"dataId":1,"value":0}],"gold":0,"name":"Flandre","note":"Boss HP\nHide HP\nBreath Effect\nFloat Effect\nSwing Effect\nAura Effect: 0:Magic:150:1:true\nParticle Effect: 20:Particles2:0:0:3\nTheatrhythm Action Animation: 66","params":[12000,2000,35,40,35,40,50,50]}
]