[
null,
{"id":1,"expanded":true,"name":"Main","order":1,"parentId":0,"scrollX":815,"scrollY":445.5},
{"id":2,"expanded":false,"name":"Weather EX","order":2,"parentId":1,"scrollX":811,"scrollY":640},
{"id":3,"expanded":false,"name":"Compass","order":3,"parentId":1,"scrollX":810,"scrollY":640},
{"id":4,"expanded":false,"name":"Time System","order":4,"parentId":1,"scrollX":819,"scrollY":453},
{"id":5,"expanded":true,"name":"Time System 2","order":5,"parentId":4,"scrollX":819,"scrollY":453},
{"id":6,"expanded":false,"name":"Event Sensor","order":6,"parentId":1,"scrollX":819,"scrollY":453}
]