[
null,
{"id":1,"members":[{"enemyId":1,"x":75,"y":256,"hidden":false},{"enemyId":2,"x":510,"y":385,"hidden":false},{"enemyId":2,"x":264,"y":444,"hidden":false},{"enemyId":1,"x":462,"y":214,"hidden":false},{"enemyId":3,"x":288,"y":406,"hidden":false}],"name":"Battle 1","pages":[{"conditions":{"actorHp":50,"actorId":1,"actorValid":false,"enemyHp":50,"enemyIndex":0,"enemyValid":false,"switchId":1,"switchValid":false,"turnA":0,"turnB":0,"turnEnding":false,"turnValid":false},"list":[{"code":0,"indent":0,"parameters":[]}],"span":0}]},
{"id":2,"members":[{"enemyId":1,"x":123,"y":265,"hidden":false},{"enemyId":1,"x":273,"y":196,"hidden":false},{"enemyId":1,"x":390,"y":319,"hidden":false},{"enemyId":1,"x":495,"y":202,"hidden":false},{"enemyId":2,"x":150,"y":388,"hidden":false},{"enemyId":2,"x":327,"y":444,"hidden":false},{"enemyId":2,"x":489,"y":382,"hidden":false}],"name":"Battle 2","pages":[{"conditions":{"actorHp":50,"actorId":1,"actorValid":false,"enemyHp":50,"enemyIndex":0,"enemyValid":false,"switchId":1,"switchValid":false,"turnA":0,"turnB":0,"turnEnding":false,"turnValid":false},"list":[{"code":0,"indent":0,"parameters":[]}],"span":0}]},
{"id":3,"members":[{"enemyId":4,"x":384,"y":444,"hidden":false},{"enemyId":5,"x":168,"y":343,"hidden":false}],"name":"Boss Battle 1","pages":[{"conditions":{"actorHp":50,"actorId":1,"actorValid":false,"enemyHp":50,"enemyIndex":0,"enemyValid":false,"switchId":1,"switchValid":false,"turnA":0,"turnB":0,"turnEnding":false,"turnValid":false},"list":[{"code":0,"indent":0,"parameters":[]}],"span":0}]},
{"id":4,"members":[{"enemyId":6,"x":177,"y":444,"hidden":false},{"enemyId":1,"x":399,"y":304,"hidden":false},{"enemyId":1,"x":486,"y":397,"hidden":false}],"name":"Boss Battle 2","pages":[{"conditions":{"actorHp":50,"actorId":1,"actorValid":false,"enemyHp":50,"enemyIndex":0,"enemyValid":false,"switchId":1,"switchValid":false,"turnA":0,"turnB":0,"turnEnding":false,"turnValid":false},"list":[{"code":0,"indent":0,"parameters":[]}],"span":0}]},
{"id":5,"members":[{"enemyId":2,"x":333,"y":334,"hidden":false}],"name":"Battle Day Shift","pages":[{"conditions":{"actorHp":50,"actorId":1,"actorValid":false,"enemyHp":50,"enemyIndex":0,"enemyValid":false,"switchId":1,"switchValid":false,"turnA":0,"turnB":0,"turnEnding":false,"turnValid":false},"list":[{"code":0,"indent":0,"parameters":[]}],"span":0}]},
{"id":6,"members":[{"enemyId":1,"x":306,"y":352,"hidden":false}],"name":"Battle Night Shift","pages":[{"conditions":{"actorHp":50,"actorId":1,"actorValid":false,"enemyHp":50,"enemyIndex":0,"enemyValid":false,"switchId":1,"switchValid":false,"turnA":0,"turnB":0,"turnEnding":false,"turnValid":false},"list":[{"code":0,"indent":0,"parameters":[]}],"span":0}]}
]